number,title,summary
1,DesktopAppShell + Theme Foundation,"Create the Windows/Linux desktop-only app shell with 4 columns, custom title bar placeholder, light/dark design token foundation, no mobile layout."
2,Mock Data + TypeScript Types,Create typed mock community/channel/message/member data so the MVP UI works without backend.
3,ServerRail,"Build the fixed 72px left rail with home, community icons, active state, add/discover/settings placeholders, tooltips and context menu placeholder."
4,CommunitySidebar,"Build the 260px community sidebar with header, collapsible channel categories, channel items, and pinned UserMiniCard."
5,ChatHeader + ChatMain Shell,"Create the flexible center chat shell with fixed header, independent scroll area and pinned composer placeholder."
6,MessageList + MessageItem,"Render active channel messages with avatar, author, timestamp, text, attachments placeholder, reactions and hover actions."
7,AttachmentGrid,Implement 1/2/3/4 image attachment layouts and image preview modal placeholder.
8,MessageComposer,"Implement local message sending, Enter/Shift+Enter behavior, buttons and pinned rounded composer."
9,MemberSidebar,"Build the 280px right member panel with search, groups, member rows, status dots and profile popover trigger."
10,UserProfilePopover,"Create desktop profile popover for member/message avatar clicks with avatar, roles, bio and action buttons."
11,DesktopContextMenu,Create reusable right-click menu for server/channel/message/member items with bounds handling.
12,Keyboard Shortcuts,"Add MVP shortcuts such as Ctrl+K, Ctrl+, Escape, Alt Up/Down and composer Enter behavior."
13,Final Visual Polish for Base UI,"Polish frame, spacing, shadows, typography, active/hover/focus states, light/dark modes and reference quality."
14,Desktop Settings Modal,Create desktop settings modal with left nav and appearance/notifications/voice/shortcuts/advanced placeholders.
15,WindowTitleBar + Window Controls,"Implement custom desktop title bar with app name, search hint, theme toggle and safe window control placeholders."
16,Desktop Service Layer,"Create safe abstraction services for window, notification, tray, file, shortcut and settings APIs."
17,Native Notification Foundation,Prepare desktop notification service/settings/test button without crashing when native APIs are unavailable.
18,System Tray Foundation,Prepare tray service and simulated tray actions for status/mute/open/settings/quit.
19,File Drag/Drop + Clipboard Placeholder,"Prepare drag/drop overlay, attachment previews, file validation and clipboard image placeholder for composer."
20,Global Search Modal,Build Ctrl+K desktop search/command-palette placeholder over communities/channels/members/messages.
21,Desktop Auth UI,Create login/register/forgot-password desktop screens with mock auth and logout.
22,Backend API Service Layer,Create frontend API service modules and typed apiClient boundaries without replacing mock data yet.
23,Community CRUD UI,Create local/mock create/edit/leave community UI connected to ServerRail.
24,Channel CRUD UI,Create local/mock create/edit/delete channel UI and active-channel fallback.
25,Realtime Messaging Foundation,"Prepare realtime client/event abstractions, connection status and optimistic send flow placeholder."
26,Message Edit/Delete/Reactions,Add local edit/delete/reaction behavior using existing MessageItem/context actions.
27,Roles and Permissions Foundation,Create typed role/permission helpers and hide/disable unauthorized UI actions.
28,Voice Channel Desktop Skeleton,Show VoiceRoomView for voice channels with join/leave/mute/deafen placeholders.
29,Local Settings Persistence,"Persist theme, sidebar visibility, last active community/channel and notification settings locally."
30,Windows Build Configuration,"Prepare Windows desktop build config, app metadata, icon placeholder and README commands."
31,Linux Build Configuration,"Prepare Linux AppImage/deb/rpm config, desktop entry metadata and README commands."
32,Desktop QA Checklist,"Check layout, scrolling, min width, light/dark contrast, overlays, TypeScript/build and no mobile UI."
33,Final Production Polish for UI,"Make all MVP UI surfaces feel coherent, premium and desktop-native."
34,Backend Architecture Foundation,"Create server foundation with app/server entry, config, db, middleware, modules and /health."
35,PostgreSQL + Prisma Schema,"Create MVP database schema, relations, indexes, migrations and seed data."
36,Backend Auth System,"Implement register/login/logout/me with hashed passwords, sessions/JWT and auth middleware."
37,Community API,Implement authenticated community list/create/read/update/delete/leave with owner/default-role logic.
38,Channel API,Implement community channel list/create/update/delete/reorder with permission checks.
39,Message API,Implement message list/send/edit/delete/reactions with pagination and clientMessageId.
40,Realtime WebSocket Gateway,Implement authenticated websocket/socket.io rooms and message/typing/presence events.
41,Presence System,"Implement online/idle/DND/invisible/offline status, member updates and notification behavior."
42,Read/Unread/Mention System,"Track read state, unread dots, mention badges and community-level indicators."
43,Attachment Upload Backend,"Implement image upload with validation, local storage and uploadApi integration."
44,Invite Link System,"Create invite code generation, accept/revoke flow and Invite People modal."
45,Member Management,"Add member list API, role update, kick/ban/unban placeholders with permissions."
46,Role Management,"Add role CRUD, permissions editor in settings and role hierarchy rules."
47,Audit Log System,Create audit log helper/routes/settings view for admin/mod actions.
48,Moderation Tools,Add report/delete/kick/ban/timeout placeholders with confirmations and audit logging.
49,Search System,Implement backend/frontend search for communities/channels/members/messages with permissions.
50,Notification Backend + Inbox,"Persist notifications, inbox popover, read/read-all and native bridge routing."
51,Voice Backend Foundation,Prepare voice room join/leave/state routes and LiveKit/WebRTC placeholders.
52,Direct Messages Foundation,"Add DM view under home icon, DM sidebar, placeholder APIs and profile message action."
53,Friends System Foundation,"Add Friends view, requests, add friend modal and friendApi placeholders."
54,Desktop Auto-Update Foundation,Create updateService states and Settings > Advanced update UI placeholder.
55,Crash Reporting + Logs Foundation,"Create loggingService, ErrorBoundary, redacted logs viewer/export placeholders."
56,Security Hardening Pass,"Check tokens, unsafe HTML, external links, uploads, auth, permissions and websocket access."
57,Performance Optimization Pass,"Reduce obvious re-renders, debounce search, prepare virtualization and optimize image rendering."
58,Accessibility + Keyboard Focus Pass,"Ensure aria-labels, focus states, modal focus, Escape handling and keyboard navigation."
59,Automated Tests Foundation,Add frontend/backend/E2E test scaffolding for core MVP flows.
60,CI/CD Pipeline Foundation,Prepare GitHub Actions for lint/typecheck/test/build and desktop package placeholders.
61,Production Environment Plan,"Document local/dev/staging/production services, env vars, logs, backups, update server placeholder and data modes."
62,Backend Production Deployment Preparation,"Add production backend start/build, Dockerfile if suitable, graceful shutdown, CORS and error handling."
63,Database Backup and Restore Runbook,"Document PostgreSQL backup/restore strategy, staging restore, migration rollback notes and disaster checklist."
64,Production Object Storage Preparation,Prepare S3-compatible storage env/docs while keeping local upload storage working.
65,Redis Production Readiness,Centralize Redis usage for presence/rate-limit/pubsub/cache with dev fallback and production requirement behavior.
66,Rate Limiting and Abuse Prevention,Add rate limit middleware for auth/message/upload/invite/search/realtime connection placeholders.
67,Observability Foundation,"Add structured logs, request IDs, durations, health/readiness placeholders and diagnostics integration."
68,Production Crash Reporting Integration Placeholder,Create crashReporterService abstraction and docs without real provider secrets.
69,Real Auto-Update Architecture Plan,"Document update channels, manifests, signing placeholders, rollback and failure behavior."
70,Release Channels Foundation,Add dev/beta/stable channel config and build metadata shown in settings/diagnostics.
71,Versioning and Release Notes,Create CHANGELOG and release process using semantic versioning and release notes template.
72,Windows Code Signing Preparation,Document Windows signing plan and packaging placeholders without certificates/secrets.
73,Linux Packaging Metadata Preparation,Prepare Linux desktop entry/package metadata and docs without private maintainer data.
74,Installer UX QA,Create checklist for Windows installer and Linux AppImage/deb/rpm install/uninstall behavior.
75,Production Security Checklist,"Create security checklist for auth, uploads, permissions, websocket, logging, env secrets and desktop native APIs."
76,Load Testing Plan,Document backend/realtime/upload/search load test scenarios and target placeholders.
77,Data Retention and Privacy Settings,Prepare privacy settings UI and data retention documentation for profile/messages/attachments/logs.
78,Terms / Privacy Placeholder Pages,Create clearly marked legal placeholder docs and link them from auth/settings.
79,About App Modal,Create desktop About modal with version/channel/platform/build info and links.
80,Beta Release Checklist,"Create beta checklist for MVP, staging, packaging, security, known issues and feedback."
81,Feedback Collection Placeholder,Add feedback modal with diagnostics/logs toggles and safe placeholder backend behavior.
82,Support Diagnostics Export,"Export redacted diagnostics such as app version, channel, platform, last API error and logs."
83,Production Readiness Report,Create honest report covering MVP/backend/realtime/upload/packaging/security/performance/accessibility status.
84,Stable Release Gate,"Create pass/fail criteria for stable release, including no critical crashes/auth/data-loss/package blockers."
85,Post-Launch Monitoring Plan,"Document metrics, alerts, first 24h/7d checks, rollback and hotfix process."
86,Admin Operations Panel Placeholder,Prepare restricted app-level admin panel for system status/users/communities/reports/rate-limit placeholders.
87,Report Management System,Create report model/routes/queue UI for reported messages/users with moderator review.
88,Community Rules and Welcome Screening,Add community rules config and new member acknowledgement modal.
89,Community Templates,Add template-based community creation for gaming/study/dev/music/design/workspace/custom.
90,Community Onboarding Checklist,"Show owner checklist for icon, description, channels, invites, rules, roles and first message."
91,Scheduled Maintenance Mode,Add /status maintenance/degraded response and desktop maintenance screen/banner.
92,Status Page Integration Placeholder,Add safe external status page link/action and docs.
93,Background Job Queue Foundation,"Prepare queue/jobs module for email, cleanup, notifications, exports and account deletion placeholders."
94,Expired Invites Cleanup Job,Add idempotent cleanup job and optional dev/admin trigger for expired invites.
95,Orphaned Upload Cleanup Job,Prepare cleanup job for unattached uploads after a grace period.
96,Email Service Placeholder,Create emailService abstraction for verification/password reset/invites/security alerts in log mode.
97,Password Reset Flow Placeholder,Add secure token request/confirm routes and forgot/reset password UI placeholders.
98,Email Verification Placeholder,"Add email verification token flow, account banner and REQUIRE_EMAIL_VERIFICATION config."
99,Session Management Hardening,"List/revoke sessions, update lastUsedAt, revoke others and update account security UI."
100,Two-Factor Authentication Placeholder,Prepare 2FA setup/verify/disable/recovery-code architecture and UI placeholders.
101,Account Deletion Workflow,Prepare safe soft/scheduled account deletion flow with warnings and confirmation.
102,Data Export Placeholder,Prepare user data export job/status/download placeholders without sensitive fields.
103,Community Ownership Transfer,"Add owner-only transfer flow, modal confirmation and leave-owner safety."
104,Community Delete Safety,"Harden community deletion with owner check, name confirmation and soft-delete placeholder."
105,Private Channel Permission UI,Prepare role/member permission UI for private channel view/send/manage access.
106,Channel Category Management,Add category create/edit/delete/reorder endpoints and sidebar actions.
107,Channel Reorder UI Placeholder,Add admin reorder mode with move up/down/category controls or drag placeholder.
108,Message Moderation Filters Placeholder,Prepare blocked words/spam/mentions/link blocking settings and send validation.
109,User Blocking Placeholder,Prepare blocked users routes/settings/profile actions and collapsed message behavior.
110,Final Post-Launch Roadmap,"Create roadmap phases for stabilization, beta, realtime scaling, voice, DM/friends, discovery, moderation and enterprise."
111,Bot System Foundation,"Prepare bot users, bot management, community installation and BOT badges."
112,Webhook Foundation,"Prepare channel webhooks, secure tokens, webhook messages and settings UI."
113,Slash Commands Placeholder,Add composer slash command suggestions and basic built-in command placeholders.
114,Custom Emoji Foundation,Prepare community emoji upload/list/delete and EmojiPicker custom emoji support.
115,Stickers Placeholder,"Prepare sticker picker, community sticker settings and safe placeholder sticker assets."
116,Polls Feature,Add poll models/routes/create modal and poll message voting UI.
117,Events / Scheduled Sessions Placeholder,"Prepare community events, RSVP placeholders and event reminders."
118,Threads Placeholder,"Prepare message threads, ThreadPanel/View and thread message routes."
119,Forum Channel Placeholder,"Add forum channel type, post list view and create post placeholder."
120,Announcement Channel Placeholder,"Prepare announcement channel flag, restricted posting and special styling."
121,Message Bookmarks / Saved Messages,Allow save/unsave messages and Saved Messages view with jump placeholder.
122,Message Drafts Per Channel,Persist per-channel/DM composer drafts and show draft indicator.
123,Per-Channel Composer Permissions,Show clear composer disabled states for read-only/private/announcement/muted/slow/offline.
124,Slow Mode Placeholder,"Add channel slowModeSeconds, backend enforcement and composer countdown."
125,Message Search Result Jump,"Navigate to search result message, load context placeholder and highlight target."
126,Advanced Notification Routing,"Centralize notification decision logic for active channel, DND, muted prefs, mentions and inbox."
127,Multi-Account Placeholder,Prepare account switcher metadata and modal without storing passwords.
128,Community Export / Import Placeholder,"Prepare safe config export/import excluding messages, personal data and secrets."
129,Plugin System Architecture Document,"Document safe future plugin system, sandboxing, permissions and risks; no dynamic code loading."
130,Bot API Architecture Document,"Document bot auth, token safety, permissions, events, actions, rate limits and versioning."
131,Developer Portal Placeholder,"Prepare development-only portal for bots, webhooks, applications and docs placeholders."
132,Community Discovery Production Plan,"Document public discovery requirements, moderation, categories, ranking and privacy risks."
133,Analytics Privacy-Friendly Placeholder,Create analyticsService with non-sensitive event placeholders and opt-in setting.
134,Data Migration Strategy Document,"Document Prisma migration workflow, staging/production rollout, backup and rollback limitations."
135,Final Advanced Feature Audit,Audit advanced feature placeholders and ensure they do not break MVP flows.
136,Feature Flags Foundation,Create typed featureFlagService with local/env/default flags and dev viewer.
137,Remote Config Foundation,Add /config/client and frontend remoteConfigService with cache/default fallback.
138,Client / Server Version Compatibility,Add minimum/recommended client version checks and update required/banner screens.
139,Realtime Horizontal Scaling Preparation,Prepare Redis adapter/pubsub strategy and docs for multi-instance realtime/presence.
140,Database Performance Audit,"Review indexes/query patterns for messages, read state, members, roles, search, notifications and audit logs."
141,Message Retention and Archiving,Document retention strategy and background archive/purge placeholders without destructive default.
142,Attachment CDN / Signed URL Plan,Document storage/CDN/signed URL/thumbnails/virus scan/access rules.
143,Actual Desktop Protocol Handler Wiring,Prepare myapp:// protocol registration and forwarding to deepLinkService safely.
144,Real Native Notifications Integration,Integrate Tauri/Electron native notifications through notificationService with fallback.
145,Real System Tray Integration,Integrate tray menu/status/mute/settings/quit through trayService where runtime supports it.
146,Launch on Startup Placeholder,Prepare startupService and Settings toggles for launch/start minimized.
147,App Lock / Quick Lock,"Prepare lock screen, shortcut and inactivity lock placeholder without storing password."
148,End-to-End Encryption Architecture Document,"Document future E2EE goals, key management, metadata and limitations; no crypto code."
149,Compliance Export / Deletion Hardening,"Harden export/deletion to avoid sensitive fields, revoke sessions and preserve audit integrity."
150,Localization QA TR/EN,"Check English/Turkish UI strings, overflow, i18n keys and locale-aware formatting."
151,"Date, Time and Timezone Formatting","Create dateTimeService and use it for messages, notifications, audit logs and events."
152,High Contrast / Reduced Motion Accessibility,"Prepare persisted accessibility tokens/toggles for contrast, reduced motion and text size placeholders."
153,Client Data Migration for Local Settings,Add local data schema version and migration registry for settings/cache/drafts.
154,API Deprecation and Compatibility Policy,"Document API versioning, deprecation headers, websocket event versioning and client update relationship."
155,Multi-Tenant Isolation Review,Review/fix community/channel/member/message/search/socket access boundaries.
156,Dependency Audit and Update Plan,Document audit/update process for frontend/backend/desktop dependencies and CI placeholder.
157,License and Third-Party Notices,"Prepare LICENSE placeholder, THIRD_PARTY_NOTICES, license review process and asset risk check."
158,Enterprise Readiness Report,"Document SSO, audit logs, retention, admin controls, deployment, compliance and support gaps."
159,Final Long-Term Architecture Review,Review frontend/desktop/backend/db/realtime/permissions/uploads/packaging/testing and prioritize technical debt.
160,Final Roadmap Consolidation,Consolidate full roadmap with MVP/post-MVP/long-term phases and desktop-only focus.
161,Architecture Decision Records,"Create ADRs for desktop runtime, state, backend stack, realtime, storage and permissions."
162,Monorepo / Package Boundary Cleanup,"Review/document or safely clean boundaries between desktop app, server, shared packages, docs and scripts."
163,Shared Types Package,Prepare safe shared DTO/event/permission types excluding secrets or Prisma internals.
164,API SDK Generation Plan,Document OpenAPI or typed SDK generation approach without replacing existing clients prematurely.
165,Desktop IPC Security Audit,"Audit Electron/Tauri bridge, preload/commands, IPC payload validation and service abstractions."
166,Content Security Policy,"Prepare CSP strategy/config placeholders for desktop app, attachments, API and dev exceptions."
167,Safe External Link Service,"Centralize URL validation/opening, block unsafe protocols and route deep links separately."
168,Image Thumbnail Generation Placeholder,Add thumbnailUrl/metadata support and frontend thumbnail preference without requiring heavy image processing.
169,Attachment Malware Scanning Placeholder,Prepare scanStatus and scanFile abstraction; block suspicious rendering in future.
170,Attachment Quarantine System,Prepare quarantined attachment access rules and admin review placeholders.
171,Realtime Event Ordering,Add event IDs/timestamps/deduplication and protect against stale updates.
172,Message Sequence Numbers,Prepare per-channel sequence ordering with createdAt fallback and safe migration notes.
173,Offline Sync Conflict Resolution,Handle queued send/edit/delete/reaction conflicts after reconnect.
174,Database Transaction Consistency Pass,Ensure multi-step backend operations use transactions and emit realtime after commit.
175,Audit Log Immutability Plan,"Document append-only audit logs, retention, redaction and restrict mutation routes."
176,Data Residency Plan,Document current single-region assumption and future multi-region strategy.
177,Moderation Appeals Placeholder,Prepare appeals model/routes/UI for moderation action appeals.
178,Trust & Safety Dashboard Placeholder,"Prepare restricted dashboard for reports, suspicious uploads, rate limits and abuse signals."
179,Community Insights Dashboard,Add permission-protected community insights metrics view with simple cards/charts.
180,Final Operational Hardening Audit,Audit operational hardening features and list production risks/next actions.
181,Single Instance Lock,Prepare single-instance behavior and deep link forwarding for second launches.
182,Window State Persistence,"Persist/restore window size, position, maximized state with off-screen safety."
183,Minimize to Tray Behavior,Prepare minimize/close to tray settings using windowService/trayService.
184,Network State Detection,Detect online/offline/backend/realtime/degraded state and show compact status.
185,Sleep / Wake Resume Handling,"Handle resume/focus/online events by reconnecting realtime, refreshing data and flushing queue."
186,DPI Scaling and Multi-Monitor QA,"Document/fix scaling, min width, popover bounds and multi-monitor behavior."
187,User Configurable Keyboard Shortcuts,"Prepare shortcutConfigService, settings UI, conflict detection and reset defaults."
188,Overlay Stack Manager,Manage modal/popover/context/command/image/settings layers and Escape/focus behavior.
189,Visual Regression Test Foundation,Prepare Playwright screenshot tests or documented plan at 1440x900 light/dark.
190,Design Token Hardening,Replace random hardcoded colors/radii/shadows with tokens and document token usage.
191,Icon System Standardization,"Standardize all icons through AppIcon/Coolicons, sizing, states and aria labels."
192,Microinteractions Polish,Polish hover/active/pressed/focus/menu/popover/modal/message/composer animations respecting reduced motion.
193,Empty and Error State Copy QA,"Review/standardize no data, offline, permission, upload, invite and backend error copy."
194,Startup Performance Audit,"Lazy-load heavy views, apply theme early and avoid blocking startup services."
195,Memory Leak Audit,"Clean object URLs, listeners, timers, websocket subscriptions and shortcut registrations."
196,Logs Viewer UX,"Improve logs section with filters, copy/export/clear and redaction."
197,Developer Debug Commands,"Add development-only commands to simulate messages, mentions, offline, reconnect, upload failure and resets."
198,In-App Help Center Placeholder,"Add local help modal/view with getting started, channels, messages, uploads, roles and troubleshooting."
199,Beta Feedback Triage Workflow,"Document beta bug categories, severity, reproduction, diagnostics, owners and blocker criteria."
200,Final Desktop Reliability Audit,"Audit single-instance, window state, tray, network, overlays, visual tests, performance, leaks and help/feedback."
201,Code Quality Gate,"Document/run lint, typecheck, format, tests, build and quality rules."
202,TypeScript Strictness Hardening,"Review tsconfig strictness, reduce any, type API/realtime payloads and document blockers."
203,Unified Error Code Taxonomy,Define shared API error codes and standard backend error response shape.
204,Unified Error UX,Map error codes to user messages and consistent toast/inline/blocking error handling.
205,Optimistic UI Consistency Audit,"Audit pending/confirmed/failed optimistic state for messages, reactions, reads, creates and uploads."
206,Entity Store Normalization,Normalize users/communities/channels/messages/members/roles/notifications where safe and add selectors.
207,MessageList Virtualization,Implement or document virtualization for large variable-height message lists.
208,MemberSidebar Virtualization,Implement or prepare virtualization/debounced search for large grouped member lists.
209,Upload Cancel / Retry,"Add upload statuses, progress placeholder, AbortController, retry/remove behavior."
210,Image Cache Strategy,"Document/cache avatars, icons, thumbnails, previews, emoji and stickers safely."
211,Disk Cache Management,Add cache summary/clear actions without clearing auth or drafts accidentally.
212,Safe Mode Startup,Prepare safe mode that disables optional services and offers reset/export/restart actions.
213,Crash Recovery Flow,Detect suspected previous crash and show recovery dialog with safe mode/export/reset.
214,Backend Maintenance Scripts,"Prepare guarded scripts for backups, cleanup, health, admin bootstrap and dev reset."
215,Admin User Bootstrap,"Add explicit, secure create-admin-user process without logging credentials."
216,Abuse Event Logging,"Record safe abuse events such as rate limits, failed logins, rejected uploads and unauthorized access."
217,User Safety Center,"Centralize privacy/safety settings like blocked users, DMs, friend requests, status, reports, export and deletion."
218,Quiet Hours,Add persisted quiet hours settings and suppress notifications/sounds based on local timezone.
219,Notification Digest Placeholder,Prepare digest mode and grouping to reduce low-priority notification spam.
220,Final Codebase Sustainability Audit,"Audit code quality, errors, optimistic UI, virtualization, uploads, cache, safe mode and sustainability debt."
221,Multi-Client Session Sync,Sync profile/status/settings/read state/session revocation across multiple clients.
222,User Activity History,Record and show safe account activity such as login/logout/password/profile/session events.
223,API Pagination Standardization,"Standardize pagination response shape across messages, notifications, audit logs, members, search and reports."
224,API Idempotency Keys,Prevent duplicate creates/sends/uploads/invites/webhooks using keys/clientMessageId.
225,Database Integrity Constraints Audit,"Review foreign keys, unique constraints, cascade/restrict behavior and document deletion rules."
226,Soft Delete and Restore Policy,"Document hard/soft/archive/never-delete strategy for messages, channels, communities, users and audit logs."
227,Message History Export Placeholder,Prepare controlled channel export jobs/status with permissions and private access rules.
228,Release Artifact Checksums,Prepare SHA256 checksum generation for Windows/Linux artifacts and docs.
229,Release Artifact Provenance Placeholder,Add build metadata/version/channel/commit/build date provenance and About modal display.
230,Safe Rollout Strategy,"Document release rings, rollback thresholds, update pause and communication plan."
231,Emergency Kill Switch Foundation,Use remote config/feature flags to disable risky features safely in frontend/backend.
232,"Backend Health, Readiness, Liveness Split","Add /health, /health/live and /health/ready with dependency statuses."
233,Backend Graceful Degradation,Define critical/optional services and expose degraded state while keeping core chat working.
234,Realtime Load Simulation Script,Create dev-only script to simulate clients/messages/typing/presence/reconnect.
235,Message Delivery Receipts Placeholder,Show sending/sent/delivered/failed/queued states for current user's messages.
236,Read Receipts Placeholder,Prepare privacy-aware optional read receipt architecture and settings toggle.
237,Notification Permission Onboarding,Ask for notification permission at appropriate moments and persist dismissal.
238,First-Run Performance Budget,"Document budgets for startup, render, switch, send, previews, memory and bundle size."
239,Dependency Bundle Size Audit,Analyze/document bundle size and heavy dependencies; lazy-load optional features.
240,Final Release Engineering Audit,"Audit release engineering items, blockers and prioritized next actions."
241,Service Level Objectives Plan,"Define reliability targets for API, auth, messages, realtime, uploads, crash-free sessions and dependencies."
242,Incident Response Runbook,"Document incident types, first checks, mitigation, rollback, communication and postmortem process."
243,Postmortem Template,"Create blameless postmortem template with timeline, impact, root cause, actions and owners."
244,Staging Environment Smoke Test,"Create staging smoke test for health, migrations, auth, chat, realtime, uploads and desktop clients."
245,Production Deployment Checklist,"Create production deploy checklist for env, migrations, backups, Redis, storage, health, logs and rollback."
246,Rollback Runbook,"Document backend/database/desktop/update rollback, feature flags, kill switches and communication."
247,Backup Verification Script Placeholder,Prepare script/docs to restore backups to temp DB and run integrity checks safely.
248,Database Restore Drill,"Document staging restore drill, validation queries, app smoke test and approval cadence."
249,Data Corruption Detection Plan,"Document/read-only script checks for orphaned/invalid community, channel, message, role and attachment data."
250,Production Secrets Management Plan,"Document what secrets are, where they live, rotation, emergency rotation and leak audit."
251,Secret Scanning CI Placeholder,Prepare secret scanning strategy/CI placeholder without adding real secrets.
252,Dependency Vulnerability Policy,"Document vulnerability detection, severity, patch timelines, emergency updates and testing."
253,Database Connection Pooling Plan,"Document Prisma connection behavior, pooling, limits, migration/worker connections and monitoring."
254,API Request Timeout and Retry Policy,"Add frontend API timeouts, abort support, safe retries for GET and clear timeout errors."
255,Realtime Backpressure Policy,Throttle/coalesce typing/presence/events and document backend/frontend flood protections.
256,Message Send Queue Ordering,Preserve rapid/offline message order and reconcile server confirmations without duplicates.
257,Desktop Update Failure Recovery,Document update failure modes and add updateService error states.
258,Release Candidate Dry Run,"Create RC dry-run workflow tying together tests, staging, packages, checksums, install and rollback."
259,Final Go / No-Go Checklist,"Create final release decision checklist with blockers, non-blockers and sign-off placeholders."
260,Final Production Launch Audit,"Audit all production launch docs/processes, fix only blockers and report launch readiness."
